{
  "timestamp": "2026-03-16T12:29:30.891418",
  "queries_file": "data/queries/rag_questions.json",
  "num_questions": 30,
  "settings": {
    "top_k": 30,
    "compressor": "none",
    "llm_model": "meta-llama/llama-3.1-70b-instruct",
    "temperature": 0.2,
    "provider": "OpenRouter",
    "embedding_model": "BAAI/bge-small-en-v1.5"
  },
  "retriever_evaluation": {
    "dense": {
      "mrr": 0.42257853257853256,
      "recall@30": 0.6333333333333333,
      "ndcg@30": 1.0568178010931284
    },
    "sparse": {
      "mrr": 0.3609798836429271,
      "recall@30": 0.6666666666666666,
      "ndcg@30": 1.0715721963247014
    },
    "hybrid": {
      "mrr": 0.30960180623973726,
      "recall@30": 0.7,
      "ndcg@30": 1.1026133543833843
    }
  },
  "generation_evaluation": {
    "ragas_results": {
      "context_precision": [
        0.9999999999,
        0.1249999999875,
        0.0,
        0.0,
        0.45555555554037036,
        0.45478430374950224,
        0.0,
        0.28333333332388894,
        0.0,
        0.0,
        0.08448275861646552,
        0.0,
        0.4499999999775,
        0.7675925925797995,
        0.0,
        0.11196969696596465,
        0.0,
        0.2487373737311553,
        0.0,
        0.112499999994375,
        0.0,
        0.0,
        0.62499999996875,
        0.0,
        0.9999999999,
        0.9999999999,
        0.03333333333,
        0.5116776845452741,
        0.083333333325,
        0.13809523808833335
      ],
      "faithfulness": [
        1.0,
        1.0,
        1.0,
        0.0,
        0.0,
        1.0,
        0.0,
        0.0,
        0.0,
        0.0,
        0.0,
        0.0,
        1.0,
        1.0,
        1.0,
        1.0,
        0.0,
        0.0,
        0.0,
        1.0,
        0.0,
        1.0,
        1.0,
        0.5,
        1.0,
        0.0,
        1.0,
        1.0,
        0.0,
        1.0
      ],
      "answer_relevancy": [
        0.4667203480636653,
        0.4121564015222695,
        0.5258125232566329,
        0.0,
        0.0,
        0.7174922191641,
        0.0,
        0.0,
        0.0,
        0.0,
        0.4420638449825646,
        0.0,
        0.43302892734673915,
        0.38956817291519985,
        0.0,
        0.4526970045712816,
        0.0,
        0.44455708427292234,
        0.0,
        0.4437521090443194,
        0.0,
        0.4823885569102925,
        0.41585134842656624,
        0.5059496780294974,
        0.5240442098105002,
        0.0,
        0.566393908230359,
        0.5465823763835079,
        0.4803687554847298,
        0.45156842837424166
      ],
      "context_recall": [
        0.0,
        0.0,
        0.0,
        1.0,
        0.0,
        1.0,
        1.0,
        1.0,
        0.0,
        0.0,
        0.0,
        0.0,
        1.0,
        1.0,
        1.0,
        1.0,
        0.0,
        1.0,
        0.0,
        1.0,
        1.0,
        0.0,
        1.0,
        0.0,
        1.0,
        0.0,
        1.0,
        0.0,
        1.0,
        0.0
      ]
    },
    "retriever_type": "dense",
    "compressor": "none"
  }
}