{
  "timestamp": "2026-03-16T13:38:35.181453",
  "queries_file": "data/queries/rag_questions.json",
  "num_questions": 30,
  "settings": {
    "top_k": 30,
    "compressor": "extractive",
    "llm_model": "meta-llama/llama-3.1-70b-instruct",
    "temperature": 0.2,
    "provider": "OpenRouter",
    "embedding_model": "BAAI/bge-small-en-v1.5"
  },
  "retriever_evaluation": {
    "dense": {
      "mrr": 0.42257853257853256,
      "recall@30": 0.6333333333333333,
      "ndcg@30": 1.0568178010931284
    },
    "sparse": {
      "mrr": 0.3609798836429271,
      "recall@30": 0.6666666666666666,
      "ndcg@30": 1.0715721963247014
    },
    "hybrid": {
      "mrr": 0.30960180623973726,
      "recall@30": 0.7,
      "ndcg@30": 1.1026133543833843
    }
  },
  "generation_evaluation": {
    "ragas_results": {
      "context_precision": [
        0.9999999999,
        0.1249999999875,
        0.0,
        0.0,
        0.347619047613254,
        0.43979718316983213,
        0.0,
        0.2469827586145151,
        0.0,
        0.0,
        0.08448275861646552,
        0.0,
        0.4499999999775,
        0.7675925925797995,
        0.0,
        0.11196969696596465,
        0.0,
        0.13930976430512065,
        0.0,
        0.112499999994375,
        0.0,
        0.0,
        0.62499999996875,
        0.0,
        0.9999999999,
        0.5526315789197368,
        0.03333333333,
        0.4525842851488206,
        0.083333333325,
        0.14285714284285714
      ],
      "faithfulness": [
        0.0,
        0.0,
        0.0,
        0.0,
        0.0,
        0.0,
        0.0,
        0.0,
        1.0,
        0.0,
        1.0,
        0.0,
        0.0,
        0.0,
        1.0,
        0.0,
        0.0,
        0.0,
        0.0,
        0.0,
        0.0,
        1.0,
        0.0,
        0.0,
        1.0,
        0.0,
        0.0,
        0.0,
        0.0,
        0.0
      ],
      "answer_relevancy": [
        0.0,
        0.0,
        0.4806014678027161,
        0.0,
        0.0,
        0.7075207582662338,
        0.0,
        0.0,
        0.5450476141970053,
        0.0,
        0.541749300548671,
        0.0,
        0.0,
        0.0,
        0.0,
        0.0,
        0.0,
        0.0,
        0.0,
        0.0,
        0.0,
        0.4823885569102925,
        0.0,
        0.0,
        0.5240442098105002,
        0.0,
        0.0,
        0.46815446278434936,
        0.48591756928406865,
        0.0
      ],
      "context_recall": [
        0.0,
        0.0,
        0.0,
        1.0,
        0.0,
        1.0,
        1.0,
        1.0,
        0.0,
        0.0,
        0.0,
        0.0,
        1.0,
        1.0,
        1.0,
        1.0,
        0.0,
        1.0,
        0.0,
        1.0,
        1.0,
        0.0,
        1.0,
        0.0,
        1.0,
        0.0,
        1.0,
        0.5,
        1.0,
        0.0
      ]
    },
    "retriever_type": "dense",
    "compressor": "extractive"
  }
}