{
  "timestamp": "2026-03-16T15:08:16.241420",
  "queries_file": "data/queries/rag_questions.json",
  "num_questions": 30,
  "settings": {
    "top_k": 30,
    "compressor": "abstractive",
    "llm_model": "meta-llama/llama-3.1-70b-instruct",
    "temperature": 0.2,
    "provider": "OpenRouter",
    "embedding_model": "BAAI/bge-small-en-v1.5"
  },
  "retriever_evaluation": {
    "dense": {
      "mrr": 0.42257853257853256,
      "recall@30": 0.6333333333333333,
      "ndcg@30": 1.0568178010931284
    },
    "sparse": {
      "mrr": 0.3609798836429271,
      "recall@30": 0.6666666666666666,
      "ndcg@30": 1.0715721963247014
    },
    "hybrid": {
      "mrr": 0.30960180623973726,
      "recall@30": 0.7,
      "ndcg@30": 1.1026133543833843
    }
  },
  "generation_evaluation": {
    "ragas_results": {
      "context_precision": [
        0.9999999999,
        0.1249999999875,
        0.0,
        0.0,
        0.43650793649338626,
        0.46271929823983005,
        0.0,
        0.2469827586145151,
        0.0,
        0.0,
        0.08448275861646552,
        0.14285714284285714,
        0.4499999999775,
        0.7675925925797995,
        0.0,
        0.11196969696596465,
        0.0,
        0.22790404039834278,
        0.0,
        0.112499999994375,
        0.0,
        0.0,
        0.62499999996875,
        0.0,
        0.9999999999,
        0.9999999999,
        0.03333333333,
        0.6707356307786495,
        0.083333333325,
        0.14285714284285714
      ],
      "faithfulness": [
        1.0,
        0.0,
        0.0,
        0.0,
        1.0,
        0.0,
        0.0,
        0.0,
        1.0,
        0.0,
        0.0,
        1.0,
        1.0,
        0.0,
        0.0,
        1.0,
        0.0,
        0.0,
        0.0,
        0.0,
        0.0,
        0.0,
        0.0,
        0.0,
        1.0,
        0.0,
        0.0,
        0.0,
        0.0,
        0.0
      ],
      "answer_relevancy": [
        0.4667203480636653,
        0.0,
        0.0,
        0.0,
        0.4791156302946881,
        0.0,
        0.5566200729171943,
        0.0,
        0.6730886218308443,
        0.4371154547479747,
        0.0,
        0.0,
        0.43302892734673915,
        0.39487672383442407,
        0.0,
        0.0,
        0.0,
        0.0,
        0.0,
        0.0,
        0.4249700826491955,
        0.0,
        0.0,
        0.0,
        0.5410330130147775,
        0.0,
        0.0,
        0.0,
        0.4427986496353292,
        0.0
      ],
      "context_recall": [
        0.0,
        0.0,
        0.0,
        1.0,
        0.0,
        1.0,
        1.0,
        1.0,
        0.0,
        0.0,
        0.0,
        0.0,
        1.0,
        1.0,
        0.0,
        1.0,
        0.0,
        1.0,
        0.0,
        1.0,
        1.0,
        0.0,
        1.0,
        0.0,
        1.0,
        0.0,
        1.0,
        0.0,
        1.0,
        0.0
      ]
    },
    "retriever_type": "dense",
    "compressor": "abstractive"
  }
}