{
  "timestamp": "2026-03-12T10:57:48.394412",
  "queries_file": "data/queries/rag_questions.json",
  "num_questions": 30,
  "retriever_evaluation": {
    "dense": {
      "mrr": 0.4066666666666666,
      "recall@5": 0.4666666666666667,
      "ndcg@5": 0.682268282699426
    },
    "sparse": {
      "mrr": 0.3416666666666667,
      "recall@5": 0.4,
      "ndcg@5": 0.5450437936706004
    },
    "hybrid": {
      "mrr": 0.3344444444444445,
      "recall@5": 0.4666666666666667,
      "ndcg@5": 0.5583337574892906
    }
  },
  "generation_evaluation": {
    "ragas_results": {
      "context_precision": [
        0.9999999999,
        0.0,
        0.0,
        0.0,
        0.0,
        0.7499999999625,
        0.0,
        0.249999999975,
        0.0,
        0.0,
        0.0,
        0.3333333333,
        0.36666666664833336,
        0.8666666666377778,
        0.0,
        0.0,
        0.0,
        0.0,
        0.0,
        0.0,
        0.0,
        0.0,
        0.7499999999625,
        0.0,
        0.0,
        0.9999999999,
        0.0,
        0.19999999998,
        0.0,
        0.0
      ],
      "faithfulness": [
        0.0,
        0.0,
        1.0,
        0.0,
        0.0,
        0.0,
        0.0,
        0.0,
        1.0,
        0.0,
        0.0,
        1.0,
        1.0,
        0.0,
        0.5,
        0.0,
        0.0,
        0.0,
        0.0,
        1.0,
        0.0,
        0.0,
        1.0,
        0.0,
        1.0,
        0.0,
        0.0,
        0.0,
        0.0,
        0.0
      ],
      "answer_relevancy": [
        0.4667203480636653,
        0.9999999999999998,
        0.5098946315038004,
        0.0,
        0.0,
        0.5377350201076891,
        0.0,
        0.0,
        0.6456996691794921,
        0.0,
        0.0,
        0.46077756271235887,
        0.43302892734673915,
        0.3918305388170196,
        1.0000000000000002,
        0.0,
        0.0,
        0.4482551951822021,
        0.0,
        0.0,
        0.0,
        0.0,
        0.4665180411920929,
        0.0,
        0.5240442098105002,
        0.0,
        0.0,
        0.0,
        0.0,
        0.7127257116121276
      ],
      "context_recall": [
        1.0,
        0.0,
        0.0,
        0.0,
        0.0,
        1.0,
        0.0,
        1.0,
        0.0,
        0.0,
        0.0,
        1.0,
        1.0,
        1.0,
        0.0,
        0.0,
        0.0,
        0.0,
        0.0,
        0.0,
        1.0,
        0.0,
        1.0,
        0.0,
        0.0,
        0.0,
        0.0,
        0.0,
        1.0,
        0.0
      ]
    },
    "retriever_type": "hybrid"
  }
}